,path,ocr
0,..\data\wicht\raw\image1.jpg,0 0 0 7 0 0 0 8 0 0 9 0 0 0 3 1 0 0 0 0 6 8 0 5 0 7 0 0 2 0 6 0 0 0 4 9 0 0 0 2 0 0 0 5 0 0 0 8 0 4 0 0 0 7 0 0 0 9 0 0 0 3 0 3 7 0 0 0 0 0 0 6 1 0 5 0 0 4 0 0 0
1,..\data\wicht\raw\image10.jpg,0 4 2 0 0 0 0 0 5 0 0 0 6 3 2 0 8 0 0 8 0 0 4 0 2 0 0 0 0 0 0 0 0 0 0 0 7 1 5 0 6 8 3 4 0 9 0 8 3 5 0 7 6 1 0 9 1 0 0 6 0 0 0 0 0 0 0 2 0 1 9 0 0 0 6 1 0 0 0 5 0
2,..\data\wicht\raw\image100.jpg,5 3 0 0 7 0 0 0 8 0 0 0 0 0 4 9 2 5 0 0 0 0 2 0 1 7 0 0 0 1 2 0 0 8 4 0 0 4 0 0 0 0 2 0 9 0 0 0 4 0 7 0 0 0 9 8 0 0 6 1 7 0 2 0 7 5 0 0 0 3 8 1 1 0 0 0 0 5 0 0 4
3,..\data\wicht\raw\image1000.jpg,0 0 6 0 7 0 0 0 0 0 4 0 0 0 0 0 0 7 0 7 0 5 0 0 2 1 0 0 0 8 0 5 0 0 0 1 0 2 1 0 0 0 4 3 0 6 0 0 0 3 0 7 0 0 0 6 3 0 0 8 0 4 0 1 0 0 0 0 0 0 9 0 0 0 0 1 0 0 6 0 0
4,..\data\wicht\raw\image1001.jpg,0 9 0 0 5 4 2 7 6 7 0 0 8 0 6 5 0 0 5 6 0 2 0 9 1 0 8 0 0 0 0 4 0 0 2 9 0 7 0 0 1 0 8 0 5 2 0 0 0 0 0 4 0 0 0 0 8 0 0 7 0 4 2 0 0 0 6 8 0 0 0 3 6 0 7 0 0 0 0 0 0
5,..\data\wicht\raw\image1003.jpg,5 0 2 0 6 0 7 0 1 0 0 0 0 0 0 0 0 0 1 0 0 9 0 4 0 0 6 0 0 1 0 0 0 3 0 0 9 0 0 0 8 0 0 0 5 0 0 7 0 0 0 1 0 0 4 0 0 1 0 7 0 0 9 0 0 0 0 0 0 0 0 0 6 0 8 0 4 0 2 0 3
6,..\data\wicht\raw\image1004.jpg,0 0 6 0 0 5 0 0 0 0 0 8 0 9 0 0 0 0 0 0 2 0 0 0 8 1 7 4 0 0 3 0 8 0 0 0 0 3 0 0 5 0 0 4 0 0 0 0 2 0 6 0 0 9 8 1 5 0 0 0 4 0 0 0 0 0 0 7 0 9 0 0 0 0 0 1 0 0 6 0 0
7,..\data\wicht\raw\image1005.jpg,0 8 0 0 0 7 0 0 9 1 0 0 0 0 0 6 0 0 0 0 0 3 0 0 0 8 0 0 0 2 0 3 0 0 0 7 0 0 0 2 1 4 0 0 0 5 0 0 0 9 0 4 0 0 0 5 0 0 0 3 0 0 0 0 0 4 0 0 0 0 0 3 6 0 0 1 0 0 0 2 0
8,..\data\wicht\raw\image1006.jpg,0 9 5 8 0 0 0 0 0 2 0 0 3 0 0 4 0 0 7 0 0 0 2 0 0 3 0 4 8 0 0 0 0 0 0 0 0 0 2 0 0 0 5 0 0 0 0 0 0 0 0 0 1 6 0 4 0 0 3 0 0 0 7 0 0 6 0 0 4 0 0 5 0 0 0 0 0 9 2 6 0
9,..\data\wicht\raw\image1007.jpg,0 0 0 0 0 0 0 0 0 9 6 0 0 0 3 7 2 0 0 0 5 6 8 0 0 0 0 1 8 0 0 0 5 6 0 0 0 0 0 0 9 0 0 0 0 0 0 6 4 0 0 0 5 7 0 0 0 0 4 2 9 0 0 0 3 8 7 0 0 0 4 2 0 0 0 0 0 0 0 0 0
10,..\data\wicht\raw\image1008.jpg,0 3 0 0 0 0 0 4 0 0 0 0 5 0 3 0 0 0 0 1 9 0 6 0 3 2 0 3 0 0 4 0 7 0 0 6 4 0 0 8 0 1 0 0 7 8 0 0 2 0 6 0 0 3 0 5 6 0 4 0 8 3 0 0 0 0 6 0 5 0 0 0 0 8 0 0 0 0 0 9 0
11,..\data\wicht\raw\image1009.jpg,2 0 0 0 0 8 0 0 6 0 8 0 0 2 0 0 1 0 0 0 6 1 5 0 2 0 0 8 0 0 0 0 0 6 0 0 0 2 1 0 0 0 8 5 0 0 0 5 0 0 0 0 0 3 0 0 3 0 4 9 1 0 0 0 7 0 0 6 0 0 4 0 9 0 0 7 0 0 0 0 2
12,..\data\wicht\raw\image101.jpg,5 3 0 0 7 0 0 0 8 0 0 0 0 0 4 9 2 5 0 0 0 0 2 0 1 7 0 0 0 1 2 0 0 8 4 0 0 4 0 0 0 0 2 0 9 0 0 0 4 0 7 0 0 0 9 8 0 0 6 1 7 0 2 0 7 5 0 0 0 3 8 1 1 0 0 0 0 5 0 0 4
13,..\data\wicht\raw\image1011.jpg,7 0 5 0 0 4 0 0 2 0 9 0 0 3 0 0 6 0 0 0 0 0 0 7 0 0 5 1 0 3 0 0 0 0 0 0 0 8 0 0 0 0 0 3 0 0 0 0 0 0 0 4 0 8 6 0 0 4 0 0 0 0 0 0 3 0 0 8 0 0 5 0 4 0 0 5 0 0 2 0 7
14,..\data\wicht\raw\image1014.jpg,0 0 9 7 0 0 0 3 1 3 0 0 4 0 0 0 0 0 0 2 0 0 0 0 0 0 0 0 0 4 0 7 0 0 1 0 0 1 8 6 0 3 2 9 0 0 6 0 0 9 0 3 0 0 0 0 0 0 0 0 0 4 0 0 0 0 0 0 5 0 0 7 8 4 0 0 0 6 5 0 0
15,..\data\wicht\raw\image1019.jpg,0 0 0 0 1 0 0 0 0 0 0 0 5 0 3 0 0 0 0 2 3 7 4 9 5 1 0 9 3 0 0 0 0 0 2 5 0 4 1 0 6 0 3 9 0 7 5 0 0 0 0 0 6 4 0 8 9 2 3 6 7 4 0 0 0 0 1 0 4 0 0 0 0 0 0 0 8 0 0 0 0
16,..\data\wicht\raw\image102.jpg,5 3 0 0 7 0 0 0 8 0 0 0 0 0 4 9 2 5 0 0 0 0 2 0 1 7 0 0 0 1 2 0 0 8 4 0 0 4 0 0 0 0 2 0 9 0 0 0 4 0 7 0 0 0 9 8 0 0 6 1 7 0 2 0 7 5 0 0 0 3 8 1 1 0 0 0 0 5 0 0 4
17,..\data\wicht\raw\image1020.jpg,9 7 0 0 0 2 0 0 0 1 0 8 0 0 6 0 0 4 0 0 2 0 0 0 7 0 0 0 0 1 8 5 0 4 0 0 5 4 7 0 2 1 0 0 9 8 0 6 7 9 0 1 0 5 3 0 0 5 0 8 0 0 0 0 0 0 0 0 0 5 4 0 7 2 0 0 4 0 0 8 0
18,..\data\wicht\raw\image1022.jpg,4 0 0 0 0 0 0 0 3 0 5 0 2 0 1 0 4 0 0 0 9 0 0 0 6 0 0 0 9 0 0 7 0 0 2 0 0 0 0 6 0 5 0 0 0 0 1 0 0 4 0 0 3 0 0 0 8 0 0 0 1 0 0 0 3 0 5 0 2 0 7 0 2 0 0 0 0 0 0 0 5
19,..\data\wicht\raw\image1024.jpg,0 0 2 0 3 0 6 0 0 0 0 0 4 0 5 0 0 0 8 0 4 0 0 0 7 0 2 0 2 0 0 0 0 0 8 0 3 0 0 0 0 0 0 0 6 0 6 0 0 0 0 0 1 0 5 0 8 0 0 0 1 0 7 0 0 0 7 0 3 0 0 0 0 0 1 0 6 0 4 0 0
20,..\data\wicht\raw\image103.jpg,9 0 3 0 0 0 0 0 2 0 6 0 4 9 0 1 0 3 0 0 0 1 0 0 0 0 0 0 0 0 0 0 0 9 0 0 3 0 1 0 0 4 0 0 0 0 8 0 7 0 2 4 3 0 1 7 8 5 0 9 3 0 0 0 0 0 0 0 0 7 5 9 0 0 0 3 6 7 0 0 0
21,..\data\wicht\raw\image1031.jpg,0 0 8 3 7 0 0 0 0 6 0 7 2 0 0 0 0 4 0 3 0 4 0 0 7 2 6 2 0 4 0 0 0 0 1 0 0 0 0 0 0 0 0 0 0 0 5 0 0 0 0 6 0 3 8 9 1 0 0 3 0 7 0 5 0 0 0 0 1 9 0 2 0 0 0 0 5 7 8 0 0
22,..\data\wicht\raw\image1036.jpg,0 0 0 3 1 2 0 0 0 0 0 7 0 0 0 2 0 0 0 3 0 4 0 7 0 8 0 5 0 2 0 0 0 7 0 1 9 0 0 0 0 0 0 0 6 1 0 6 0 0 0 8 0 3 0 2 0 8 0 1 0 6 0 0 0 4 0 0 0 5 0 0 0 0 0 5 2 9 0 0 0
23,..\data\wicht\raw\image1038.jpg,0 0 5 8 0 4 0 0 0 0 3 0 1 0 0 7 6 0 0 1 0 5 0 0 0 0 4 5 0 0 0 0 0 4 1 6 0 0 0 0 0 0 0 0 0 1 6 2 0 0 0 0 0 9 4 0 0 0 0 8 0 5 0 0 5 3 0 0 7 0 2 0 0 0 0 3 0 9 1 0 0
24,..\data\wicht\raw\image1039.jpg,0 5 3 4 0 7 6 1 0 8 0 0 0 0 0 0 0 3 0 4 0 0 0 0 0 9 0 3 0 0 8 0 6 0 0 5 0 0 0 0 0 0 0 0 0 6 0 0 5 0 9 0 0 8 0 1 0 0 0 0 0 2 0 2 0 0 0 0 0 0 0 4 0 8 9 6 0 3 7 5 0
25,..\data\wicht\raw\image104.jpg,9 0 3 0 0 0 0 0 2 0 6 0 4 9 0 1 0 3 0 0 0 1 0 0 0 0 0 0 0 0 0 0 0 9 0 0 3 0 1 0 0 4 0 0 0 0 8 0 7 0 2 4 3 0 1 7 8 5 0 9 3 0 0 0 0 0 0 0 0 7 5 9 0 0 0 3 6 7 0 0 0
26,..\data\wicht\raw\image1040.jpg,0 0 0 5 0 3 0 0 0 0 0 5 0 0 0 9 0 0 1 7 0 4 0 8 0 5 6 3 4 0 0 0 0 0 7 2 0 0 0 0 0 0 0 0 0 5 6 0 0 0 0 0 4 3 6 3 0 8 0 4 0 9 5 0 0 2 0 0 0 8 0 0 0 0 0 7 0 9 0 0 0
27,..\data\wicht\raw\image1041.jpg,2 0 8 0 0 9 7 0 4 0 0 6 0 0 7 1 0 0 0 3 0 0 0 4 0 2 0 8 7 2 0 0 0 0 0 0 0 0 0 0 0 0 0 0 0 0 0 0 0 0 0 9 5 1 0 2 0 1 0 0 0 4 0 0 0 4 7 0 0 6 0 0 6 0 1 9 0 0 3 0 8
28,..\data\wicht\raw\image1043.jpg,0 6 0 0 0 0 0 7 0 5 0 7 0 0 0 2 0 4 0 8 0 5 0 4 0 6 0 0 0 5 9 0 1 7 0 0 0 0 0 0 0 0 0 0 0 0 0 6 2 0 3 9 0 0 0 7 0 6 0 2 0 3 0 3 0 4 0 0 0 8 0 6 0 2 0 0 0 0 0 5 0
29,..\data\wicht\raw\image1045.jpg,2 0 0 0 0 0 0 8 0 9 3 6 0 0 5 0 0 0 0 0 0 0 7 2 6 9 0 0 0 8 2 0 0 4 0 0 5 4 0 0 0 0 0 0 1 0 0 0 0 8 0 5 7 0 8 2 0 7 0 3 0 0 0 0 0 9 0 0 0 0 0 0 6 0 0 0 0 0 1 0 7
30,..\data\wicht\raw\image1048.jpg,7 2 1 8 4 0 0 0 0 3 0 8 2 0 9 6 0 7 5 0 0 0 0 7 0 0 4 2 0 0 1 0 4 8 0 0 4 3 9 0 0 0 0 0 5 0 8 7 0 0 0 3 0 0 0 0 0 0 0 0 0 5 8 0 5 2 0 7 0 0 3 0 9 0 3 5 0 0 0 0 0
31,..\data\wicht\raw\image1049.jpg,2 0 0 0 0 0 0 8 0 9 3 6 0 0 5 0 0 0 0 0 0 0 7 2 6 9 0 0 0 8 2 0 0 4 0 0 5 4 0 0 0 0 0 0 1 0 0 0 0 8 0 5 7 0 8 2 0 7 0 3 0 0 0 0 0 9 0 0 0 0 0 0 6 0 0 0 0 0 1 0 7
32,..\data\wicht\raw\image105.jpg,9 0 3 0 0 0 0 0 2 0 6 0 4 9 0 1 0 3 0 0 0 1 0 0 0 0 0 0 0 0 0 0 0 9 0 0 3 0 1 0 0 4 0 0 0 0 8 0 7 0 2 4 3 0 1 7 8 5 0 9 3 0 0 0 0 0 0 0 0 7 5 9 0 0 0 3 6 7 0 0 0
33,..\data\wicht\raw\image1050.jpg,0 0 0 0 5 0 0 0 0 0 0 5 7 0 6 3 0 0 0 8 0 0 9 0 0 4 0 0 4 0 0 1 0 0 3 0 9 0 8 0 0 0 5 0 1 0 1 0 0 7 0 0 9 0 0 6 0 0 3 0 0 8 0 0 0 7 6 0 9 2 0 0 0 0 0 0 4 0 0 0 0
34,..\data\wicht\raw\image1055.jpg,0 5 0 0 0 0 0 1 0 6 0 9 0 0 3 0 0 7 0 1 0 4 7 0 0 0 0 0 0 2 0 0 0 0 4 0 0 0 1 0 5 0 2 0 0 0 6 0 0 0 0 8 0 0 0 0 0 0 4 8 0 3 0 5 0 0 1 0 0 9 0 8 0 8 0 0 0 0 0 7 0
35,..\data\wicht\raw\image1059.jpg,0 3 0 1 4 8 2 0 0 0 4 2 0 0 0 7 0 0 9 0 0 0 7 0 5 0 4 2 9 8 0 6 0 0 7 0 0 5 0 0 0 2 0 4 6 0 0 0 3 8 0 0 5 0 0 0 5 8 2 0 6 0 0 0 2 0 0 9 0 3 8 0 0 6 9 7 0 0 0 2 0
36,..\data\wicht\raw\image106.jpg,9 0 3 0 0 0 0 0 2 0 6 0 4 9 0 1 0 3 0 0 0 1 0 0 0 0 0 0 0 0 0 0 0 9 0 0 3 0 1 0 0 4 0 0 0 0 8 0 7 0 2 4 3 0 1 7 8 5 0 9 3 0 0 0 0 0 0 0 0 7 5 9 0 0 0 3 6 7 0 0 0
37,..\data\wicht\raw\image1062.jpg,0 0 1 0 0 0 0 0 3 4 0 6 0 7 0 2 0 0 9 3 0 0 1 0 0 0 0 3 1 0 2 0 0 0 6 0 5 0 0 0 6 8 0 0 0 0 0 0 0 0 0 0 2 8 0 0 4 8 0 6 0 0 2 6 0 7 9 0 3 8 0 4 8 2 3 1 4 0 9 0 0
38,..\data\wicht\raw\image1066.jpg,1 0 0 0 0 0 0 0 0 2 6 0 1 5 7 3 0 0 9 0 7 6 4 8 0 1 0 0 2 0 0 0 0 0 0 6 5 7 6 0 9 4 1 2 0 8 0 9 7 0 6 5 3 0 4 0 1 0 0 3 0 9 2 6 0 2 4 0 0 8 0 0 0 5 0 0 0 2 0 0 0
39,..\data\wicht\raw\image1067.jpg,5 0 6 0 0 4 0 7 0 0 2 0 0 0 0 0 0 3 0 0 9 0 1 0 8 0 0 0 0 0 0 0 7 0 2 0 9 0 0 1 0 3 0 0 8 0 4 0 5 0 0 0 0 0 0 0 4 0 7 0 1 0 0 7 0 0 0 0 0 0 5 0 0 3 0 4 0 0 6 0 7
40,..\data\wicht\raw\image107.jpg,9 0 3 0 0 0 0 0 2 0 6 0 4 9 0 1 0 3 0 0 0 1 0 0 0 0 0 0 0 0 0 0 0 9 0 0 3 0 1 0 0 4 0 0 0 0 8 0 7 0 2 4 3 0 1 7 8 5 0 9 3 0 0 0 0 0 0 0 0 7 5 9 0 0 0 3 6 7 0 0 0
41,..\data\wicht\raw\image1070.jpg,4 0 0 8 0 2 0 0 6 0 6 0 0 1 0 0 4 0 0 3 8 0 0 0 1 7 0 0 0 0 1 2 7 0 0 0 7 0 0 3 0 4 0 0 1 0 0 0 5 8 9 0 0 0 0 7 4 0 0 0 2 1 0 0 2 0 0 3 0 0 6 0 9 0 0 2 0 8 0 0 5
42,..\data\wicht\raw\image1072.jpg,6 0 7 4 0 8 1 0 3 0 0 0 0 0 0 0 0 0 8 0 4 1 0 7 9 0 2 9 0 1 0 3 0 8 0 5 0 0 0 5 0 9 0 0 0 2 0 6 0 8 0 3 0 9 5 0 3 8 0 4 2 0 6 0 0 0 0 0 0 0 0 0 4 0 9 2 0 6 5 0 7
43,..\data\wicht\raw\image1073.jpg,7 0 0 0 9 1 0 0 2 0 6 0 2 0 0 0 9 0 0 0 1 0 6 0 5 0 0 8 0 0 0 0 0 0 2 0 2 0 6 0 4 0 3 0 5 0 5 0 0 0 0 0 0 8 0 0 5 0 8 0 9 0 0 0 8 0 0 0 4 0 5 0 3 0 0 6 5 0 0 0 7
44,..\data\wicht\raw\image1075.jpg,3 0 0 0 9 0 0 0 2 0 1 0 0 0 7 4 9 0 0 4 0 8 1 0 0 0 0 0 3 0 0 0 0 7 0 0 7 0 2 0 0 0 5 0 1 0 0 5 0 0 0 0 4 0 0 0 0 0 2 8 0 6 0 0 2 9 7 0 0 0 3 0 6 0 0 0 3 0 0 0 4
45,..\data\wicht\raw\image1076.jpg,0 0 0 0 1 2 6 3 5 1 3 5 8 0 4 0 0 0 0 0 6 0 0 0 8 0 0 0 0 9 0 0 0 0 1 0 0 1 0 5 9 0 0 2 0 4 6 0 0 8 1 5 9 0 7 0 0 2 3 0 0 0 4 2 0 0 0 0 0 1 0 0 6 0 3 1 0 9 0 8 2
46,..\data\wicht\raw\image1077.jpg,0 7 1 0 0 0 2 0 0 0 0 0 6 8 0 0 0 9 8 0 0 0 0 7 0 0 3 0 0 7 3 0 1 0 4 0 0 9 0 0 4 0 0 8 0 0 4 0 7 0 8 9 0 0 7 0 0 9 0 0 0 0 6 2 0 0 0 7 3 0 0 0 0 0 5 0 0 0 3 7 0
47,..\data\wicht\raw\image1078.jpg,0 0 4 8 0 9 0 0 0 0 3 0 0 4 0 0 0 0 8 0 0 0 7 0 1 0 0 9 0 0 7 0 3 0 0 6 0 5 3 0 9 0 7 4 0 2 0 0 4 0 6 0 0 1 0 0 5 0 6 0 0 0 3 0 0 0 0 8 0 0 2 0 0 0 0 3 0 5 6 0 0
48,..\data\wicht\raw\image1080.jpg,0 3 0 0 0 0 2 0 8 2 0 0 0 1 0 9 6 0 7 8 0 0 0 0 0 0 0 3 0 0 2 4 0 0 8 0 0 0 0 7 9 3 0 0 0 0 1 0 0 8 5 0 0 3 0 0 0 0 0 0 0 2 6 0 6 7 0 3 0 0 0 4 8 0 4 0 0 0 0 5 0
49,..\data\wicht\raw\image1081.jpg,0 0 6 0 0 2 0 3 0 0 8 0 0 5 0 0 6 2 2 0 0 0 0 0 0 0 0 0 0 0 0 0 8 0 0 0 0 0 4 1 0 0 0 8 3 7 0 0 0 9 0 0 0 5 8 2 0 0 0 9 0 5 6 0 9 0 8 0 0 3 0 0 6 0 0 7 0 4 0 9 1
50,..\data\wicht\raw\image1082.jpg,3 4 7 0 5 1 0 0 0 0 1 9 0 0 0 0 0 0 5 0 6 3 4 0 0 0 0 0 7 0 0 0 3 0 0 2 0 0 1 0 0 0 7 0 0 9 0 0 8 0 0 0 5 0 0 0 0 0 3 5 6 0 8 0 0 0 0 0 0 3 2 0 0 0 0 6 8 0 5 9 1
51,..\data\wicht\raw\image1083.jpg,0 0 7 1 0 0 4 6 0 4 0 0 0 0 0 2 0 8 0 9 0 0 5 0 0 0 7 0 5 0 0 0 3 1 0 0 0 0 0 7 0 8 0 0 0 0 0 9 4 0 0 0 3 0 6 0 0 0 2 0 0 4 0 9 0 3 0 0 0 0 0 5 0 2 5 0 0 9 6 0 0
52,..\data\wicht\raw\image1084.jpg,6 9 4 0 0 1 0 0 0 0 0 3 0 2 0 0 4 5 2 7 0 0 6 0 0 0 0 0 0 1 0 0 4 0 7 0 0 2 6 0 8 7 0 9 3 3 5 7 0 0 0 4 0 2 0 6 9 0 0 0 0 0 1 1 3 0 6 0 0 7 0 0 0 0 0 1 0 2 0 0 0
53,..\data\wicht\raw\image1086.jpg,4 0 0 9 0 2 0 0 6 0 0 3 0 0 6 0 0 0 0 0 0 0 3 0 0 9 0 7 2 0 0 4 0 0 0 9 0 0 5 8 0 9 6 0 0 3 0 0 0 2 0 0 1 4 0 6 0 0 5 0 0 0 0 0 0 0 2 0 0 5 0 0 5 0 0 1 0 3 0 0 7
54,..\data\wicht\raw\image1087.jpg,0 0 2 0 0 9 1 0 5 0 8 0 7 0 3 9 0 0 0 0 0 0 0 0 0 2 0 0 5 0 0 4 0 0 0 0 7 0 0 9 0 8 0 0 3 0 0 0 0 1 0 0 6 0 0 4 0 0 0 0 0 0 0 0 0 8 2 0 1 0 9 0 9 0 3 8 0 0 6 0 0
55,..\data\wicht\raw\image1088.jpg,9 0 0 0 1 0 0 0 2 0 3 0 0 0 4 9 1 0 0 7 0 2 5 0 0 0 0 0 6 0 0 0 0 8 0 0 7 0 3 0 0 0 6 0 1 0 0 9 0 0 0 0 5 0 0 0 0 0 9 2 0 7 0 0 5 7 8 0 0 0 6 0 4 0 0 0 7 0 0 0 3
56,..\data\wicht\raw\image109.jpg,0 0 0 7 0 0 0 8 0 0 9 0 0 0 3 1 0 0 0 0 6 8 0 5 0 7 0 0 2 0 6 0 0 0 4 9 0 0 0 2 0 0 0 5 0 0 0 8 0 4 0 0 0 7 0 0 0 9 0 0 0 3 0 3 7 0 0 0 0 0 0 6 1 0 5 0 0 4 0 0 0
57,..\data\wicht\raw\image11.jpg,0 0 0 7 0 0 0 8 0 0 9 0 0 0 3 1 0 0 0 0 6 8 0 5 0 7 0 0 2 0 6 0 0 0 4 9 0 0 0 2 0 0 0 5 0 0 0 8 0 4 0 0 0 7 0 0 0 9 0 0 0 3 0 3 7 0 0 0 0 0 0 6 1 0 5 0 0 4 0 0 0
58,..\data\wicht\raw\image111.jpg,9 0 3 0 0 0 0 0 2 0 6 0 4 9 0 1 0 3 0 0 0 1 0 0 0 0 0 0 0 0 0 0 0 9 0 0 3 0 1 0 0 4 0 0 0 0 8 0 7 0 2 4 3 0 1 7 8 5 0 9 3 0 0 0 0 0 0 0 0 7 5 9 0 0 0 3 6 7 0 0 0
59,..\data\wicht\raw\image112.jpg,9 0 3 0 0 0 0 0 2 0 6 0 4 9 0 1 0 3 0 0 0 1 0 0 0 0 0 0 0 0 0 0 0 9 0 0 3 0 1 0 0 4 0 0 0 0 8 0 7 0 2 4 3 0 1 7 8 5 0 9 3 0 0 0 0 0 0 0 0 7 5 9 0 0 0 3 6 7 0 0 0
60,..\data\wicht\raw\image113.jpg,5 0 9 0 0 0 0 2 0 2 0 0 0 3 0 0 0 5 0 0 0 5 9 0 4 0 0 4 0 7 0 0 3 0 0 0 0 0 8 4 0 0 7 0 0 0 0 0 0 8 0 1 4 2 3 6 5 1 7 0 2 8 0 8 9 0 6 2 5 3 0 1 0 0 0 0 0 0 0 0 0
61,..\data\wicht\raw\image114.jpg,5 0 9 0 0 0 0 2 0 2 0 0 0 3 0 0 0 5 0 0 0 5 9 0 4 0 0 4 0 7 0 0 3 0 0 0 0 0 8 4 0 0 7 0 0 0 0 0 0 8 0 1 4 2 3 6 5 1 7 0 2 8 0 8 9 0 6 2 5 3 0 1 0 0 0 0 0 0 0 0 0
62,..\data\wicht\raw\image115.jpg,5 0 9 0 0 0 0 2 0 2 0 0 0 3 0 0 0 5 0 0 0 5 9 0 4 0 0 4 0 7 0 0 3 0 0 0 0 0 8 4 0 0 7 0 0 0 0 0 0 8 0 1 4 2 3 6 5 1 7 0 2 8 0 8 9 0 6 2 5 3 0 1 0 0 0 0 0 0 0 0 0
63,..\data\wicht\raw\image116.jpg,5 0 9 0 0 0 0 2 0 2 0 0 0 3 0 0 0 5 0 0 0 5 9 0 4 0 0 4 0 7 0 0 3 0 0 0 0 0 8 4 0 0 7 0 0 0 0 0 0 8 0 1 4 2 3 6 5 1 7 0 2 8 0 8 9 0 6 2 5 3 0 1 0 0 0 0 0 0 0 0 0
64,..\data\wicht\raw\image117.jpg,5 0 9 0 0 0 0 2 0 2 0 0 0 3 0 0 0 5 0 0 0 5 9 0 4 0 0 4 0 7 0 0 3 0 0 0 0 0 8 4 0 0 7 0 0 0 0 0 0 8 0 1 4 2 3 6 5 1 7 0 2 8 0 8 9 0 6 2 5 3 0 1 0 0 0 0 0 0 0 0 0
65,..\data\wicht\raw\image118.jpg,5 0 9 0 0 0 0 2 0 2 0 0 0 3 0 0 0 5 0 0 0 5 9 0 4 0 0 4 0 7 0 0 3 0 0 0 0 0 8 4 0 0 7 0 0 0 0 0 0 8 0 1 4 2 3 6 5 1 7 0 2 8 0 8 9 0 6 2 5 3 0 1 0 0 0 0 0 0 0 0 0
66,..\data\wicht\raw\image119.jpg,8 5 0 0 4 6 0 0 2 0 0 0 5 0 9 0 3 0 0 0 1 0 0 0 0 0 0 0 3 0 8 0 0 4 0 0 0 0 0 0 0 0 1 2 0 0 0 9 0 0 7 0 5 0 0 4 2 0 0 0 6 0 0 5 8 0 0 7 3 0 0 9 0 0 0 6 0 0 0 0 0
67,..\data\wicht\raw\image120.jpg,8 5 0 0 4 6 0 0 2 0 0 0 5 0 9 0 3 0 0 0 1 0 0 0 0 0 0 0 3 0 8 0 0 4 0 0 0 0 0 0 0 0 1 2 0 0 0 9 0 0 7 0 5 0 0 4 2 0 0 0 6 0 0 5 8 0 0 7 3 0 0 9 0 0 0 6 0 0 0 0 0
68,..\data\wicht\raw\image122.jpg,8 5 0 0 4 6 0 0 2 0 0 0 5 0 9 0 3 0 0 0 1 0 0 0 0 0 0 0 3 0 8 0 0 4 0 0 0 0 0 0 0 0 1 2 0 0 0 9 0 0 7 0 5 0 0 4 2 0 0 0 6 0 0 5 8 0 0 7 3 0 0 9 0 0 0 6 0 0 0 0 0
69,..\data\wicht\raw\image125.jpg,6 0 1 0 8 5 0 0 4 0 0 0 3 0 0 0 0 0 0 8 9 0 0 0 0 2 0 0 1 0 0 0 0 0 0 0 7 0 2 0 5 8 0 0 9 0 0 0 4 6 0 1 0 0 0 5 0 0 2 0 6 0 0 0 0 0 0 0 0 3 4 0 0 0 7 9 0 0 0 8 0
70,..\data\wicht\raw\image126.jpg,6 0 1 0 8 5 0 0 4 0 0 0 3 0 0 0 0 0 0 8 9 0 0 0 0 2 0 0 1 0 0 0 0 0 0 0 7 0 2 0 5 8 0 0 9 0 0 0 4 6 0 1 0 0 0 5 0 0 2 0 6 0 0 0 0 0 0 0 0 3 4 0 0 0 7 9 0 0 0 8 0
71,..\data\wicht\raw\image127.jpg,6 0 1 0 8 5 0 0 4 0 0 0 3 0 0 0 0 0 0 8 9 0 0 0 0 2 0 0 1 0 0 0 0 0 0 0 7 0 2 0 5 8 0 0 9 0 0 0 4 6 0 1 0 0 0 5 0 0 2 0 6 0 0 0 0 0 0 0 0 3 4 0 0 0 7 9 0 0 0 8 0
72,..\data\wicht\raw\image128.jpg,6 0 1 0 8 5 0 0 4 0 0 0 3 0 0 0 0 0 0 8 9 0 0 0 0 2 0 0 1 0 0 0 0 0 0 0 7 0 2 0 5 8 0 0 9 0 0 0 4 6 0 1 0 0 0 5 0 0 2 0 6 0 0 0 0 0 0 0 0 3 4 0 0 0 7 9 0 0 0 8 0
73,..\data\wicht\raw\image129.jpg,6 0 1 0 8 5 0 0 4 0 0 0 3 0 0 0 0 0 0 8 9 0 0 0 0 2 0 0 1 0 0 0 0 0 0 0 7 0 2 0 5 8 0 0 9 0 0 0 4 6 0 1 0 0 0 5 0 0 2 0 6 0 0 0 0 0 0 0 0 3 4 0 0 0 7 9 0 0 0 8 0
74,..\data\wicht\raw\image13.jpg,9 0 3 0 0 0 0 0 2 0 6 0 4 9 0 1 0 3 0 0 0 1 0 0 0 0 0 0 0 0 0 0 0 9 0 0 3 0 1 0 0 4 0 0 0 0 8 0 7 0 2 4 3 0 1 7 8 5 0 9 3 0 0 0 0 0 0 0 0 7 5 9 0 0 0 3 6 7 0 0 0
75,..\data\wicht\raw\image134.jpg,0 0 0 0 0 9 0 0 0 2 0 0 0 8 3 0 4 5 0 7 8 0 0 0 0 0 3 1 0 0 8 0 7 9 3 0 0 8 9 5 0 0 0 0 0 0 0 0 0 0 0 0 7 0 0 0 0 9 6 4 0 0 0 4 2 7 0 0 8 0 6 9 0 0 0 0 0 0 1 8 4
76,..\data\wicht\raw\image136.jpg,0 0 0 0 0 9 0 0 0 2 0 0 0 8 3 0 4 5 0 7 8 0 0 0 0 0 3 1 0 0 8 0 7 9 3 0 0 8 9 5 0 0 0 0 0 0 0 0 0 0 0 0 7 0 0 0 0 9 6 4 0 0 0 4 2 7 0 0 8 0 6 9 0 0 0 0 0 0 1 8 4
77,..\data\wicht\raw\image139.jpg,7 0 0 0 0 0 0 0 0 0 2 1 4 0 5 0 8 0 0 0 0 0 2 9 0 0 6 0 1 2 3 0 6 0 9 0 8 4 0 0 0 0 5 0 0 0 0 0 0 5 0 0 0 0 9 0 0 0 0 3 0 0 2 0 0 0 0 0 0 7 0 8 0 6 0 0 1 0 4 0 0
78,..\data\wicht\raw\image140.jpg,7 0 0 0 0 0 0 0 0 0 2 1 4 0 5 0 8 0 0 0 0 0 2 9 0 0 6 0 1 2 3 0 6 0 9 0 8 4 0 0 0 0 5 0 0 0 0 0 0 5 0 0 0 0 9 0 0 0 0 3 0 0 2 0 0 0 0 0 0 7 0 8 0 6 0 0 1 0 4 0 0
79,..\data\wicht\raw\image143.jpg,0 7 1 9 0 2 0 5 0 0 0 0 0 0 0 7 9 0 0 0 9 0 6 7 0 0 0 0 2 8 0 0 0 0 0 0 9 4 0 0 0 0 0 3 1 0 0 0 0 0 0 5 2 0 0 0 0 6 5 0 3 0 0 0 1 5 0 0 0 0 0 0 0 6 0 3 0 1 9 8 0
80,..\data\wicht\raw\image145.jpg,4 0 0 7 6 0 0 0 0 1 0 7 0 3 0 0 0 8 5 2 0 0 0 1 0 0 0 0 0 1 6 0 0 0 0 0 0 0 8 0 0 0 3 0 0 0 0 0 0 0 5 1 0 0 0 0 0 1 0 0 0 6 2 8 0 0 0 9 0 7 0 1 0 0 0 0 2 7 0 0 3
81,..\data\wicht\raw\image147.jpg,4 0 0 7 6 0 0 0 0 1 0 7 0 3 0 0 0 8 5 2 0 0 0 1 0 0 0 0 0 1 6 0 0 0 0 0 0 0 8 0 0 0 3 0 0 0 0 0 0 0 5 1 0 0 0 0 0 1 0 0 0 6 2 8 0 0 0 9 0 7 0 1 0 0 0 0 2 7 0 0 3
82,..\data\wicht\raw\image148.jpg,4 0 0 7 6 0 0 0 0 1 0 7 0 3 0 0 0 8 5 2 0 0 0 1 0 0 0 0 0 1 6 0 0 0 0 0 0 0 8 0 0 0 3 0 0 0 0 0 0 0 5 1 0 0 0 0 0 1 0 0 0 6 2 8 0 0 0 9 0 7 0 1 0 0 0 0 2 7 0 0 3
83,..\data\wicht\raw\image150.jpg,0 7 6 0 9 8 0 0 0 0 2 0 3 0 0 9 0 7 0 5 0 2 1 0 0 0 4 1 0 0 0 0 0 7 0 3 0 0 8 1 0 3 5 0 0 7 0 5 0 0 0 0 0 8 6 0 0 0 5 9 0 3 0 5 0 4 0 0 1 0 7 0 0 0 0 4 6 0 8 9 0
84,..\data\wicht\raw\image151.jpg,0 7 6 0 9 8 0 0 0 0 2 0 3 0 0 9 0 7 0 5 0 2 1 0 0 0 4 1 0 0 0 0 0 7 0 3 0 0 8 1 0 3 5 0 0 7 0 5 0 0 0 0 0 8 6 0 0 0 5 9 0 3 0 5 0 4 0 0 1 0 7 0 0 0 0 4 6 0 8 9 0
85,..\data\wicht\raw\image153.jpg,0 7 6 0 9 8 0 0 0 0 2 0 3 0 0 9 0 7 0 5 0 2 1 0 0 0 4 1 0 0 0 0 0 7 0 3 0 0 8 1 0 3 5 0 0 7 0 5 0 0 0 0 0 8 6 0 0 0 5 9 0 3 0 5 0 4 0 0 1 0 7 0 0 0 0 4 6 0 8 9 0
86,..\data\wicht\raw\image154.jpg,0 7 6 0 9 8 0 0 0 0 2 0 3 0 0 9 0 7 0 5 0 2 1 0 0 0 4 1 0 0 0 0 0 7 0 3 0 0 8 1 0 3 5 0 0 7 0 5 0 0 0 0 0 8 6 0 0 0 5 9 0 3 0 5 0 4 0 0 1 0 7 0 0 0 0 4 6 0 8 9 0
87,..\data\wicht\raw\image155.jpg,7 9 5 0 0 0 0 0 0 0 0 0 0 2 0 0 3 0 0 8 0 0 0 0 7 0 5 3 0 2 7 0 5 0 1 4 0 0 8 9 0 6 2 0 0 9 4 0 2 0 3 5 0 6 8 0 4 0 0 0 0 6 0 0 2 0 0 6 0 0 0 0 0 0 0 0 0 0 1 5 8
88,..\data\wicht\raw\image156.jpg,7 9 5 0 0 0 0 0 0 0 0 0 0 2 0 0 3 0 0 8 0 0 0 0 7 0 5 3 0 2 7 0 5 0 1 4 0 0 8 9 0 6 2 0 0 9 4 0 2 0 3 5 0 6 8 0 4 0 0 0 0 6 0 0 2 0 0 6 0 0 0 0 0 0 0 0 0 0 1 5 8
89,..\data\wicht\raw\image157.jpg,7 9 5 0 0 0 0 0 0 0 0 0 0 2 0 0 3 0 0 8 0 0 0 0 7 0 5 3 0 2 7 0 5 0 1 4 0 0 8 9 0 6 2 0 0 9 4 0 2 0 3 5 0 6 8 0 4 0 0 0 0 6 0 0 2 0 0 6 0 0 0 0 0 0 0 0 0 0 1 5 8
90,..\data\wicht\raw\image158.jpg,7 9 5 0 0 0 0 0 0 0 0 0 0 2 0 0 3 0 0 8 0 0 0 0 7 0 5 3 0 2 7 0 5 0 1 4 0 0 8 9 0 6 2 0 0 9 4 0 2 0 3 5 0 6 8 0 4 0 0 0 0 6 0 0 2 0 0 6 0 0 0 0 0 0 0 0 0 0 1 5 8
91,..\data\wicht\raw\image159.jpg,7 9 5 0 0 0 0 0 0 0 0 0 0 2 0 0 3 0 0 8 0 0 0 0 7 0 5 3 0 2 7 0 5 0 1 4 0 0 8 9 0 6 2 0 0 9 4 0 2 0 3 5 0 6 8 0 4 0 0 0 0 6 0 0 2 0 0 6 0 0 0 0 0 0 0 0 0 0 1 5 8
92,..\data\wicht\raw\image16.jpg,9 0 3 0 0 0 0 0 2 0 6 0 4 9 0 1 0 3 0 0 0 1 0 0 0 0 0 0 0 0 0 0 0 9 0 0 3 0 1 0 0 4 0 0 0 0 8 0 7 0 2 4 3 0 1 7 8 5 0 9 3 0 0 0 0 0 0 0 0 7 5 9 0 0 0 3 6 7 0 0 0
93,..\data\wicht\raw\image160.jpg,1 0 0 0 3 2 0 9 0 0 0 9 0 0 0 0 0 6 0 0 0 9 8 0 0 3 0 5 0 3 0 0 7 0 0 1 7 0 0 2 1 3 0 0 4 6 0 0 4 0 0 3 0 8 0 3 0 0 7 1 0 0 0 4 0 0 0 0 0 5 0 0 0 2 0 5 9 0 0 0 3
94,..\data\wicht\raw\image161.jpg,1 0 0 0 3 2 0 9 0 0 0 9 0 0 0 0 0 6 0 0 0 9 8 0 0 3 0 5 0 3 0 0 7 0 0 1 7 0 0 2 1 3 0 0 4 6 0 0 4 0 0 3 0 8 0 3 0 0 7 1 0 0 0 4 0 0 0 0 0 5 0 0 0 2 0 5 9 0 0 0 3
95,..\data\wicht\raw\image162.jpg,1 0 0 0 3 2 0 9 0 0 0 9 0 0 0 0 0 6 0 0 0 9 8 0 0 3 0 5 0 3 0 0 7 0 0 1 7 0 0 2 1 3 0 0 4 6 0 0 4 0 0 3 0 8 0 3 0 0 7 1 0 0 0 4 0 0 0 0 0 5 0 0 0 2 0 5 9 0 0 0 3
96,..\data\wicht\raw\image163.jpg,1 0 0 0 3 2 0 9 0 0 0 9 0 0 0 0 0 6 0 0 0 9 8 0 0 3 0 5 0 3 0 0 7 0 0 1 7 0 0 2 1 3 0 0 4 6 0 0 4 0 0 3 0 8 0 3 0 0 7 1 0 0 0 4 0 0 0 0 0 5 0 0 0 2 0 5 9 0 0 0 3
97,..\data\wicht\raw\image164.jpg,1 0 0 0 3 2 0 9 0 0 0 9 0 0 0 0 0 6 0 0 0 9 8 0 0 3 0 5 0 3 0 0 7 0 0 1 7 0 0 2 1 3 0 0 4 6 0 0 4 0 0 3 0 8 0 3 0 0 7 1 0 0 0 4 0 0 0 0 0 5 0 0 0 2 0 5 9 0 0 0 3
98,..\data\wicht\raw\image165.jpg,8 3 0 0 0 7 9 0 0 0 0 0 0 3 2 0 0 0 0 9 7 0 6 0 0 0 0 0 0 8 0 0 0 1 0 0 7 2 6 3 0 8 5 4 9 0 0 5 0 0 0 8 0 0 0 0 0 0 4 0 7 5 0 0 0 0 2 8 0 0 0 0 0 0 3 6 0 0 0 1 4
99,..\data\wicht\raw\image166.jpg,8 3 0 0 0 7 9 0 0 0 0 0 0 3 2 0 0 0 0 9 7 0 6 0 0 0 0 0 0 8 0 0 0 1 0 0 7 2 6 3 0 8 5 4 9 0 0 5 0 0 0 8 0 0 0 0 0 0 4 0 7 5 0 0 0 0 2 8 0 0 0 0 0 0 3 6 0 0 0 1 4
100,..\data\wicht\raw\image167.jpg,8 3 0 0 0 7 9 0 0 0 0 0 0 3 2 0 0 0 0 9 7 0 6 0 0 0 0 0 0 8 0 0 0 1 0 0 7 2 6 3 0 8 5 4 9 0 0 5 0 0 0 8 0 0 0 0 0 0 4 0 7 5 0 0 0 0 2 8 0 0 0 0 0 0 3 6 0 0 0 1 4
101,..\data\wicht\raw\image168.jpg,8 3 0 0 0 7 9 0 0 0 0 0 0 3 2 0 0 0 0 9 7 0 6 0 0 0 0 0 0 8 0 0 0 1 0 0 7 2 6 3 0 8 5 4 9 0 0 5 0 0 0 8 0 0 0 0 0 0 4 0 7 5 0 0 0 0 2 8 0 0 0 0 0 0 3 6 0 0 0 1 4
102,..\data\wicht\raw\image169.jpg,8 3 0 0 0 7 9 0 0 0 0 0 0 3 2 0 0 0 0 9 7 0 6 0 0 0 0 0 0 8 0 0 0 1 0 0 7 2 6 3 0 8 5 4 9 0 0 5 0 0 0 8 0 0 0 0 0 0 4 0 7 5 0 0 0 0 2 8 0 0 0 0 0 0 3 6 0 0 0 1 4
103,..\data\wicht\raw\image17.jpg,5 0 3 0 6 0 0 0 0 0 7 0 0 5 0 8 0 4 6 8 9 1 0 0 0 0 0 1 0 7 0 0 6 0 3 0 0 9 6 0 0 0 0 0 1 0 0 0 5 0 1 0 0 0 0 6 5 3 2 0 9 0 7 0 1 0 8 0 0 3 0 0 7 3 4 0 0 0 0 8 5
104,..\data\wicht\raw\image170.jpg,0 0 0 0 1 0 0 2 4 8 0 4 0 7 0 0 0 6 5 0 0 4 0 0 7 0 0 0 0 0 0 0 6 2 0 0 0 1 0 0 2 0 0 8 0 0 0 8 9 0 0 0 0 0 0 0 7 0 0 1 0 0 2 1 0 0 0 3 0 6 0 9 3 8 0 0 4 0 0 0 0
105,..\data\wicht\raw\image171.jpg,0 0 0 0 1 0 0 2 4 8 0 4 0 7 0 0 0 6 5 0 0 4 0 0 7 0 0 0 0 0 0 0 6 2 0 0 0 1 0 0 2 0 0 8 0 0 0 8 9 0 0 0 0 0 0 0 7 0 0 1 0 0 2 1 0 0 0 3 0 6 0 9 3 8 0 0 4 0 0 0 0
106,..\data\wicht\raw\image172.jpg,0 0 0 0 1 0 0 2 4 8 0 4 0 7 0 0 0 6 5 0 0 4 0 0 7 0 0 0 0 0 0 0 6 2 0 0 0 1 0 0 2 0 0 8 0 0 0 8 9 0 0 0 0 0 0 0 7 0 0 1 0 0 2 1 0 0 0 3 0 6 0 9 3 8 0 0 4 0 0 0 0
107,..\data\wicht\raw\image173.jpg,0 0 0 0 1 0 0 2 4 8 0 4 0 7 0 0 0 6 5 0 0 4 0 0 7 0 0 0 0 0 0 0 6 2 0 0 0 1 0 0 2 0 0 8 0 0 0 8 9 0 0 0 0 0 0 0 7 0 0 1 0 0 2 1 0 0 0 3 0 6 0 9 3 8 0 0 4 0 0 0 0
108,..\data\wicht\raw\image174.jpg,0 0 0 0 1 0 0 2 4 8 0 4 0 7 0 0 0 6 5 0 0 4 0 0 7 0 0 0 0 0 0 0 6 2 0 0 0 1 0 0 2 0 0 8 0 0 0 8 9 0 0 0 0 0 0 0 7 0 0 1 0 0 2 1 0 0 0 3 0 6 0 9 3 8 0 0 4 0 0 0 0
109,..\data\wicht\raw\image175.jpg,0 0 1 0 3 0 0 0 8 0 0 4 0 6 0 5 0 0 9 0 0 0 0 0 2 7 0 8 3 0 0 5 0 0 1 0 6 0 5 0 9 3 0 4 0 0 0 0 7 0 0 8 0 5 0 0 0 0 0 4 9 0 0 7 0 3 0 0 5 0 0 6 0 2 0 0 0 0 3 8 0
110,..\data\wicht\raw\image176.jpg,5 3 0 0 7 0 0 0 8 0 0 0 0 0 4 9 2 5 0 0 0 0 2 0 1 7 0 0 0 1 2 0 0 8 4 0 0 4 0 0 0 0 2 0 9 0 0 0 4 0 7 0 0 0 9 8 0 0 6 1 7 0 2 0 7 5 0 0 0 3 8 1 1 0 0 0 0 5 0 0 4
111,..\data\wicht\raw\image177.jpg,0 0 0 8 2 7 9 4 0 0 5 4 3 1 0 0 0 0 8 0 0 0 6 0 0 0 1 0 0 0 6 0 1 0 0 8 0 7 8 9 0 3 5 6 0 6 0 0 5 0 2 0 0 0 4 0 0 0 3 0 0 0 7 0 0 0 0 9 6 1 8 0 0 8 6 1 5 4 0 0 0
112,..\data\wicht\raw\image178.jpg,0 0 1 0 3 0 0 0 8 0 0 4 0 6 0 5 0 0 9 0 0 0 0 0 2 7 0 8 3 0 0 5 0 0 1 0 6 0 5 0 9 3 0 4 0 0 0 0 7 0 0 8 0 5 0 0 0 0 0 4 9 0 0 7 0 3 0 0 5 0 0 6 0 2 0 0 0 0 3 8 0
113,..\data\wicht\raw\image179.jpg,5 3 0 0 7 0 0 0 8 0 0 0 0 0 4 9 2 5 0 0 0 0 2 0 1 7 0 0 0 1 2 0 0 8 4 0 0 4 0 0 0 0 2 0 9 0 0 0 4 0 7 0 0 0 9 8 0 0 6 1 7 0 2 0 7 5 0 0 0 3 8 1 1 0 0 0 0 5 0 0 4
114,..\data\wicht\raw\image18.jpg,0 0 0 1 0 6 5 0 3 0 0 0 5 0 0 4 0 0 0 0 9 0 2 7 0 8 0 6 0 0 4 0 0 0 0 0 8 4 0 0 0 0 0 5 6 0 0 0 0 0 2 0 0 7 0 3 0 2 7 0 9 0 0 0 0 7 0 0 1 0 0 0 9 0 4 6 0 3 0 0 0
115,..\data\wicht\raw\image180.jpg,5 3 0 0 7 0 0 0 8 0 0 0 0 0 4 9 2 5 0 0 0 0 2 0 1 7 0 0 0 1 2 0 0 8 4 0 0 4 0 0 0 0 2 0 9 0 0 0 4 0 7 0 0 0 9 8 0 0 6 1 7 0 2 0 7 5 0 0 0 3 8 1 1 0 0 0 0 5 0 0 4
116,..\data\wicht\raw\image181.jpg,9 0 3 0 0 0 0 0 2 0 6 0 4 9 0 1 0 3 0 0 0 1 0 0 0 0 0 0 0 0 0 0 0 9 0 0 3 0 1 0 0 4 0 0 0 0 8 0 7 0 2 4 3 0 1 7 8 5 0 9 3 0 0 0 0 0 0 0 0 7 5 9 0 0 0 3 6 7 0 0 0
117,..\data\wicht\raw\image182.jpg,9 0 3 0 0 0 0 0 2 0 6 0 4 9 0 1 0 3 0 0 0 1 0 0 0 0 0 0 0 0 0 0 0 9 0 0 3 0 1 0 0 4 0 0 0 0 8 0 7 0 2 4 3 0 1 7 8 5 0 9 3 0 0 0 0 0 0 0 0 7 5 9 0 0 0 3 6 7 0 0 0
118,..\data\wicht\raw\image183.jpg,0 0 0 7 0 0 0 8 0 0 9 0 0 0 3 1 0 0 0 0 6 8 0 5 0 7 0 0 2 0 6 0 0 0 4 9 0 0 0 2 0 0 0 5 0 0 0 8 0 4 0 0 0 7 0 0 0 9 0 0 0 3 0 3 7 0 0 0 0 0 0 6 1 0 5 0 0 4 0 0 0
119,..\data\wicht\raw\image184.jpg,0 0 0 7 0 0 0 8 0 0 9 0 0 0 3 1 0 0 0 0 6 8 0 5 0 7 0 0 2 0 6 0 0 0 4 9 0 0 0 2 0 0 0 5 0 0 0 8 0 4 0 0 0 7 0 0 0 9 0 0 0 3 0 3 7 0 0 0 0 0 0 6 1 0 5 0 0 4 0 0 0
120,..\data\wicht\raw\image185.jpg,5 0 9 0 0 0 0 2 0 2 0 0 0 3 0 0 0 5 0 0 0 5 9 0 4 0 0 4 0 7 0 0 3 0 0 0 0 0 8 4 0 0 7 0 0 0 0 0 0 8 0 1 4 2 3 6 5 1 7 0 2 8 0 8 9 0 6 2 5 3 0 1 0 0 0 0 0 0 0 0 0
121,..\data\wicht\raw\image186.jpg,5 0 9 0 0 0 0 2 0 2 0 0 0 3 0 0 0 5 0 0 0 5 9 0 4 0 0 4 0 7 0 0 3 0 0 0 0 0 8 4 0 0 7 0 0 0 0 0 0 8 0 1 4 2 3 6 5 1 7 0 2 8 0 8 9 0 6 2 5 3 0 1 0 0 0 0 0 0 0 0 0
122,..\data\wicht\raw\image188.jpg,8 5 0 0 4 6 0 0 2 0 0 0 5 0 9 0 3 0 0 0 1 0 0 0 0 0 0 0 3 0 8 0 0 4 0 0 0 0 0 0 0 0 1 2 0 0 0 9 0 0 7 0 5 0 0 4 2 0 0 0 6 0 0 5 8 0 0 7 3 0 0 9 0 0 0 6 0 0 0 0 0
123,..\data\wicht\raw\image189.jpg,4 0 0 7 6 0 0 0 0 1 0 7 0 3 0 0 0 8 5 2 0 0 0 1 0 0 0 0 0 1 6 0 0 0 0 0 0 0 8 0 0 0 3 0 0 0 0 0 0 0 5 1 0 0 0 0 0 1 0 0 0 6 2 8 0 0 0 9 0 7 0 1 0 0 0 0 2 7 0 0 3
124,..\data\wicht\raw\image19.jpg,6 0 1 0 8 5 0 0 4 0 0 0 3 0 0 0 0 0 0 8 9 0 0 0 0 2 0 0 1 0 0 0 0 0 0 0 7 0 2 0 5 8 0 0 9 0 0 0 4 6 0 1 0 0 0 5 0 0 2 0 6 0 0 0 0 0 0 0 0 3 4 0 0 0 7 9 0 0 0 8 0
125,..\data\wicht\raw\image191.jpg,0 0 0 0 0 9 0 0 0 2 0 0 0 8 3 0 4 5 0 7 8 0 0 0 0 0 3 1 0 0 8 0 7 9 3 0 0 8 9 5 0 0 0 0 0 0 0 0 0 0 0 0 7 0 0 0 0 9 6 4 0 0 0 4 2 7 0 0 8 0 6 9 0 0 0 0 0 0 1 8 4
126,..\data\wicht\raw\image192.jpg,0 0 0 0 0 9 0 0 0 2 0 0 0 8 3 0 4 5 0 7 8 0 0 0 0 0 3 1 0 0 8 0 7 9 3 0 0 8 9 5 0 0 0 0 0 0 0 0 0 0 0 0 7 0 0 0 0 9 6 4 0 0 0 4 2 7 0 0 8 0 6 9 0 0 0 0 0 0 1 8 4
127,..\data\wicht\raw\image193.jpg,7 0 0 0 0 0 0 0 0 0 2 1 4 0 5 0 8 0 0 0 0 0 2 9 0 0 6 0 1 2 3 0 6 0 9 0 8 4 0 0 0 0 5 0 0 0 0 0 0 5 0 0 0 0 9 0 0 0 0 3 0 0 2 0 0 0 0 0 0 7 0 8 0 6 0 0 1 0 4 0 0
128,..\data\wicht\raw\image194.jpg,7 0 0 0 0 0 0 0 0 0 2 1 4 0 5 0 8 0 0 0 0 0 2 9 0 0 6 0 1 2 3 0 6 0 9 0 8 4 0 0 0 0 5 0 0 0 0 0 0 5 0 0 0 0 9 0 0 0 0 3 0 0 2 0 0 0 0 0 0 7 0 8 0 6 0 0 1 0 4 0 0
129,..\data\wicht\raw\image195.jpg,0 7 1 9 0 2 0 5 0 0 0 0 0 0 0 7 9 0 0 0 9 0 6 7 0 0 0 0 2 8 0 0 0 0 0 0 9 4 0 0 0 0 0 3 1 0 0 0 0 0 0 5 2 0 0 0 0 6 5 0 3 0 0 0 1 5 0 0 0 0 0 0 0 6 0 3 0 1 9 8 0
130,..\data\wicht\raw\image196.jpg,0 0 4 0 7 0 0 0 8 0 0 5 0 0 6 0 0 0 6 0 0 0 0 8 0 0 3 0 0 0 0 9 0 0 1 7 0 0 0 0 2 0 0 0 5 9 3 0 0 0 0 6 0 0 2 0 0 0 5 0 0 0 1 0 8 0 4 0 0 0 9 0 0 7 0 0 1 0 0 8 0
131,..\data\wicht\raw\image198.jpg,0 7 6 0 9 8 0 0 0 0 2 0 3 0 0 9 0 7 0 5 0 2 1 0 0 0 4 1 0 0 0 0 0 7 0 3 0 0 8 1 0 3 5 0 0 7 0 5 0 0 0 0 0 8 6 0 0 0 5 9 0 3 0 5 0 4 0 0 1 0 7 0 0 0 0 4 6 0 8 9 0
132,..\data\wicht\raw\image199.jpg,0 0 0 7 0 0 0 8 0 0 9 0 0 0 3 1 0 0 0 0 6 8 0 5 0 7 0 0 2 0 6 0 0 0 4 9 0 0 0 2 0 0 0 5 0 0 0 8 0 4 0 0 0 7 0 0 0 9 0 0 0 3 0 3 7 0 0 0 0 0 0 6 1 0 5 0 0 4 0 0 0
133,..\data\wicht\raw\image2.jpg,9 0 3 0 0 0 0 0 2 0 6 0 4 9 0 1 0 3 0 0 0 1 0 0 0 0 0 0 0 0 0 0 0 9 0 0 3 0 1 0 0 4 0 0 0 0 8 0 7 0 2 4 3 0 1 7 8 5 0 9 3 0 0 0 0 0 0 0 0 7 5 9 0 0 0 3 6 7 0 0 0
134,..\data\wicht\raw\image200.jpg,5 3 0 0 7 0 0 0 8 0 0 0 0 0 4 9 2 5 0 0 0 0 2 0 1 7 0 0 0 1 2 0 0 8 4 0 0 4 0 0 0 0 2 0 9 0 0 0 4 0 7 0 0 0 9 8 0 0 6 1 7 0 2 0 7 5 0 0 0 3 8 1 1 0 0 0 0 5 0 0 4
135,..\data\wicht\raw\image201.jpg,5 0 0 0 6 0 0 0 1 0 9 0 0 7 0 0 2 0 0 0 0 8 0 4 0 0 0 0 0 8 0 0 0 1 0 0 3 7 0 0 0 0 0 4 8 0 0 2 0 0 0 6 0 0 0 0 0 7 0 6 0 0 0 0 4 0 0 1 0 0 7 0 8 0 0 0 3 0 0 0 2
136,..\data\wicht\raw\image202.jpg,0 0 0 0 6 0 0 8 0 0 0 7 0 0 0 0 0 4 0 5 0 8 0 3 1 0 0 0 0 6 0 0 0 8 0 0 7 0 0 0 1 0 0 0 5 0 0 8 0 0 0 4 0 0 0 0 5 6 0 9 0 2 0 1 0 0 0 0 0 3 0 0 0 4 0 0 7 0 0 0 0
137,..\data\wicht\raw\image203.jpg,0 4 6 0 8 0 0 0 0 9 0 1 3 0 0 0 0 0 7 2 0 5 0 6 0 0 0 0 3 8 0 0 0 9 0 0 1 0 0 0 0 0 0 0 3 0 0 2 0 0 0 6 8 0 0 0 0 6 0 7 0 5 1 0 0 0 0 0 9 7 0 4 0 0 0 0 1 0 8 2 0
138,..\data\wicht\raw\image204.jpg,0 1 3 0 0 0 0 0 0 0 0 6 0 4 2 0 0 8 0 0 0 3 0 7 0 6 4 0 3 1 0 0 0 9 0 0 0 9 0 0 0 0 0 2 0 0 0 5 0 0 0 3 7 0 3 8 0 7 0 5 0 0 0 6 0 0 1 2 0 7 0 0 0 0 0 0 0 0 6 5 0
139,..\data\wicht\raw\image205.jpg,8 0 2 3 0 0 0 0 0 0 6 0 2 0 0 5 0 4 9 5 3 0 1 0 0 0 0 3 9 0 0 0 0 0 0 1 6 0 1 0 0 3 0 8 0 0 0 0 0 2 1 0 0 0 0 1 0 0 5 0 8 0 0 2 3 0 7 8 0 9 0 6 4 8 6 0 0 0 0 5 2
140,..\data\wicht\raw\image206.jpg,0 3 0 0 2 0 0 4 0 1 0 9 7 0 6 3 0 8 0 0 0 1 0 3 0 0 0 8 0 1 0 0 0 4 0 2 0 6 0 0 0 0 0 7 0 3 0 7 0 0 0 6 0 5 0 0 0 2 0 4 0 0 0 6 0 2 3 0 5 9 0 1 0 7 0 0 9 0 0 6 0
141,..\data\wicht\raw\image208.jpg,0 3 0 0 2 0 0 4 0 1 0 9 7 0 6 3 0 8 0 0 0 1 0 3 0 0 0 8 0 1 0 0 0 4 0 2 0 6 0 0 0 0 0 7 0 3 0 7 0 0 0 6 0 5 0 0 0 2 0 4 0 0 0 6 0 2 3 0 5 9 0 1 0 7 0 0 9 0 0 6 0
142,..\data\wicht\raw\image209.jpg,0 0 0 6 0 0 0 4 2 0 4 0 2 0 0 0 1 0 0 0 9 0 0 3 5 0 0 5 0 0 0 4 9 0 0 0 0 1 7 0 0 0 4 8 0 0 0 0 5 7 0 0 0 6 0 0 6 1 0 0 7 0 0 0 3 0 0 0 4 0 5 0 2 9 0 0 0 8 0 0 0
143,..\data\wicht\raw\image21.jpg,6 0 1 0 8 5 0 0 4 0 0 0 3 0 0 0 0 0 0 8 9 0 0 0 0 2 0 0 1 0 0 0 0 0 0 0 7 0 2 0 5 8 0 0 9 0 0 0 4 6 0 1 0 0 0 5 0 0 2 0 6 0 0 0 0 0 0 0 0 3 4 0 0 0 7 9 0 0 0 8 0
144,..\data\wicht\raw\image210.jpg,9 0 6 0 0 0 3 0 8 0 0 0 0 7 0 0 0 0 0 0 3 0 0 0 5 0 0 1 0 0 8 0 2 0 0 3 0 0 0 0 5 0 0 0 0 2 0 0 7 0 6 0 0 4 0 0 5 0 0 0 8 0 0 0 0 0 0 2 0 0 0 0 6 0 8 0 0 0 4 0 1
145,..\data\wicht\raw\image211.jpg,0 9 0 0 8 0 0 4 0 7 0 0 3 0 9 0 0 8 0 0 5 0 0 0 3 0 0 0 7 0 0 0 0 0 5 0 8 0 0 0 2 0 0 0 6 0 1 0 0 0 0 0 2 0 0 0 9 0 0 0 7 0 0 6 0 0 2 0 1 0 0 5 0 5 0 0 3 0 0 8 0
146,..\data\wicht\raw\image22.jpg,6 0 1 0 8 5 0 0 4 0 0 0 3 0 0 0 0 0 0 8 9 0 0 0 0 2 0 0 1 0 0 0 0 0 0 0 7 0 2 0 5 8 0 0 9 0 0 0 4 6 0 1 0 0 0 5 0 0 2 0 6 0 0 0 0 0 0 0 0 3 4 0 0 0 7 9 0 0 0 8 0
147,..\data\wicht\raw\image23.jpg,6 0 1 0 8 5 0 0 4 0 0 0 3 0 0 0 0 0 0 8 9 0 0 0 0 2 0 0 1 0 0 0 0 0 0 0 7 0 2 0 5 8 0 0 9 0 0 0 4 6 0 1 0 0 0 5 0 0 2 0 6 0 0 0 0 0 0 0 0 3 4 0 0 0 7 9 0 0 0 8 0
148,..\data\wicht\raw\image24.jpg,0 0 0 0 0 9 0 0 0 2 0 0 0 8 3 0 4 5 0 7 8 0 0 0 0 0 3 1 0 0 8 0 7 9 3 0 0 8 9 5 0 0 0 0 0 0 0 0 0 0 0 0 7 0 0 0 0 9 6 4 0 0 0 4 2 7 0 0 8 0 6 9 0 0 0 0 0 0 1 8 4
149,..\data\wicht\raw\image25.jpg,6 0 1 0 8 5 0 0 4 0 0 0 3 0 0 0 0 0 0 8 9 0 0 0 0 2 0 0 1 0 0 0 0 0 0 0 7 0 2 0 5 8 0 0 9 0 0 0 4 6 0 1 0 0 0 5 0 0 2 0 6 0 0 0 0 0 0 0 0 3 4 0 0 0 7 9 0 0 0 8 0
150,..\data\wicht\raw\image26.jpg,6 0 1 0 8 5 0 0 4 0 0 0 3 0 0 0 0 0 0 8 9 0 0 0 0 2 0 0 1 0 0 0 0 0 0 0 7 0 2 0 5 8 0 0 9 0 0 0 4 6 0 1 0 0 0 5 0 0 2 0 6 0 0 0 0 0 0 0 0 3 4 0 0 0 7 9 0 0 0 8 0
151,..\data\wicht\raw\image27.jpg,0 0 0 0 0 9 0 0 0 2 0 0 0 8 3 0 4 5 0 7 8 0 0 0 0 0 3 1 0 0 8 0 7 9 3 0 0 8 9 5 0 0 0 0 0 0 0 0 0 0 0 0 7 0 0 0 0 9 6 4 0 0 0 4 2 7 0 0 8 0 6 9 0 0 0 0 0 0 1 8 4
152,..\data\wicht\raw\image28.jpg,0 0 0 1 0 6 5 0 3 0 0 0 5 0 0 4 0 0 0 0 9 0 2 7 0 8 0 6 0 0 4 0 0 0 0 0 8 4 0 0 0 0 0 5 6 0 0 0 0 0 2 0 0 7 0 3 0 2 7 0 9 0 0 0 0 7 0 0 1 0 0 0 9 0 4 6 0 3 0 0 0
153,..\data\wicht\raw\image29.jpg,0 0 0 0 0 9 0 0 0 2 0 0 0 8 3 0 4 5 0 7 8 0 0 0 0 0 3 1 0 0 8 0 7 9 3 0 0 8 9 5 0 0 0 0 0 0 0 0 0 0 0 0 7 0 0 0 0 9 6 4 0 0 0 4 2 7 0 0 8 0 6 9 0 0 0 0 0 0 1 8 4
154,..\data\wicht\raw\image30.jpg,0 0 0 0 0 9 0 0 0 2 0 0 0 8 3 0 4 5 0 7 8 0 0 0 0 0 3 1 0 0 8 0 7 9 3 0 0 8 9 5 0 0 0 0 0 0 0 0 0 0 0 0 7 0 0 0 0 9 6 4 0 0 0 4 2 7 0 0 8 0 6 9 0 0 0 0 0 0 1 8 4
155,..\data\wicht\raw\image31.jpg,0 0 0 0 0 9 0 0 0 2 0 0 0 8 3 0 4 5 0 7 8 0 0 0 0 0 3 1 0 0 8 0 7 9 3 0 0 8 9 5 0 0 0 0 0 0 0 0 0 0 0 0 7 0 0 0 0 9 6 4 0 0 0 4 2 7 0 0 8 0 6 9 0 0 0 0 0 0 1 8 4
156,..\data\wicht\raw\image32.jpg,0 0 0 0 0 9 0 0 0 2 0 0 0 8 3 0 4 5 0 7 8 0 0 0 0 0 3 1 0 0 8 0 7 9 3 0 0 8 9 5 0 0 0 0 0 0 0 0 0 0 0 0 7 0 0 0 0 9 6 4 0 0 0 4 2 7 0 0 8 0 6 9 0 0 0 0 0 0 1 8 4
157,..\data\wicht\raw\image33.jpg,0 0 0 0 0 9 0 0 0 2 0 0 0 8 3 0 4 5 0 7 8 0 0 0 0 0 3 1 0 0 8 0 7 9 3 0 0 8 9 5 0 0 0 0 0 0 0 0 0 0 0 0 7 0 0 0 0 9 6 4 0 0 0 4 2 7 0 0 8 0 6 9 0 0 0 0 0 0 1 8 4
158,..\data\wicht\raw\image34.jpg,7 0 0 0 0 0 0 0 0 0 2 1 4 0 5 0 8 0 0 0 0 0 2 9 0 0 6 0 1 2 3 0 6 0 9 0 8 4 0 0 0 0 5 0 0 0 0 0 0 5 0 0 0 0 9 0 0 0 0 3 0 0 2 0 0 0 0 0 0 7 0 8 0 6 0 0 1 0 4 0 0
159,..\data\wicht\raw\image35.jpg,7 0 0 0 0 0 0 0 0 0 2 1 4 0 5 0 8 0 0 0 0 0 2 9 0 0 6 0 1 2 3 0 6 0 9 0 8 4 0 0 0 0 5 0 0 0 0 0 0 5 0 0 0 0 9 0 0 0 0 3 0 0 2 0 0 0 0 0 0 7 0 8 0 6 0 0 1 0 4 0 0
160,..\data\wicht\raw\image36.jpg,7 0 0 0 0 0 0 0 0 0 2 1 4 0 5 0 8 0 0 0 0 0 2 9 0 0 6 0 1 2 3 0 6 0 9 0 8 4 0 0 0 0 5 0 0 0 0 0 0 5 0 0 0 0 9 0 0 0 0 3 0 0 2 0 0 0 0 0 0 7 0 8 0 6 0 0 1 0 4 0 0
161,..\data\wicht\raw\image37.jpg,7 0 0 0 0 0 0 0 0 0 2 1 4 0 5 0 8 0 0 0 0 0 2 9 0 0 6 0 1 2 3 0 6 0 9 0 8 4 0 0 0 0 5 0 0 0 0 0 0 5 0 0 0 0 9 0 0 0 0 3 0 0 2 0 0 0 0 0 0 7 0 8 0 6 0 0 1 0 4 0 0
162,..\data\wicht\raw\image39.jpg,7 0 0 0 0 0 0 0 0 0 2 1 4 0 5 0 8 0 0 0 0 0 2 9 0 0 6 0 1 2 3 0 6 0 9 0 8 4 0 0 0 0 5 0 0 0 0 0 0 5 0 0 0 0 9 0 0 0 0 3 0 0 2 0 0 0 0 0 0 7 0 8 0 6 0 0 1 0 4 0 0
163,..\data\wicht\raw\image40.jpg,7 0 0 0 0 0 0 0 0 0 2 1 4 0 5 0 8 0 0 0 0 0 2 9 0 0 6 0 1 2 3 0 6 0 9 0 8 4 0 0 0 0 5 0 0 0 0 0 0 5 0 0 0 0 9 0 0 0 0 3 0 0 2 0 0 0 0 0 0 7 0 8 0 6 0 0 1 0 4 0 0
164,..\data\wicht\raw\image41.jpg,7 0 0 0 0 0 0 0 0 0 2 1 4 0 5 0 8 0 0 0 0 0 2 9 0 0 6 0 1 2 3 0 6 0 9 0 8 4 0 0 0 0 5 0 0 0 0 0 0 5 0 0 0 0 9 0 0 0 0 3 0 0 2 0 0 0 0 0 0 7 0 8 0 6 0 0 1 0 4 0 0
165,..\data\wicht\raw\image42.jpg,7 0 0 0 0 0 0 0 0 0 2 1 4 0 5 0 8 0 0 0 0 0 2 9 0 0 6 0 1 2 3 0 6 0 9 0 8 4 0 0 0 0 5 0 0 0 0 0 0 5 0 0 0 0 9 0 0 0 0 3 0 0 2 0 0 0 0 0 0 7 0 8 0 6 0 0 1 0 4 0 0
166,..\data\wicht\raw\image43.jpg,7 0 0 0 0 0 0 0 0 0 2 1 4 0 5 0 8 0 0 0 0 0 2 9 0 0 6 0 1 2 3 0 6 0 9 0 8 4 0 0 0 0 5 0 0 0 0 0 0 5 0 0 0 0 9 0 0 0 0 3 0 0 2 0 0 0 0 0 0 7 0 8 0 6 0 0 1 0 4 0 0
167,..\data\wicht\raw\image44.jpg,0 0 0 0 0 9 0 0 0 2 0 0 0 8 3 0 4 5 0 7 8 0 0 0 0 0 3 1 0 0 8 0 7 9 3 0 0 8 9 5 0 0 0 0 0 0 0 0 0 0 0 0 7 0 0 0 0 9 6 4 0 0 0 4 2 7 0 0 8 0 6 9 0 0 0 0 0 0 1 8 4
168,..\data\wicht\raw\image46.jpg,0 0 0 8 2 7 9 4 0 0 5 4 3 1 0 0 0 0 8 0 0 0 6 0 0 0 1 0 0 0 6 0 1 0 0 8 0 7 8 9 0 3 5 6 0 6 0 0 5 0 2 0 0 0 4 0 0 0 3 0 0 0 7 0 0 0 0 9 6 1 8 0 0 8 6 1 5 4 0 0 0
169,..\data\wicht\raw\image47.jpg,1 0 0 0 0 0 0 6 0 0 2 6 5 0 1 0 0 0 3 0 0 8 0 9 0 0 0 0 0 0 0 9 0 7 1 0 0 0 2 0 0 0 9 0 0 0 1 5 0 7 0 0 0 0 0 0 0 4 0 2 0 0 9 0 0 0 6 0 7 8 2 0 0 8 0 0 0 0 0 0 3
170,..\data\wicht\raw\image50.jpg,9 0 3 0 0 0 0 0 2 0 6 0 4 9 0 1 0 3 0 0 0 1 0 0 0 0 0 0 0 0 0 0 0 9 0 0 3 0 1 0 0 4 0 0 0 0 8 0 7 0 2 4 3 0 1 7 8 5 0 9 3 0 0 0 0 0 0 0 0 7 5 9 0 0 0 3 6 7 0 0 0
171,..\data\wicht\raw\image51.jpg,5 3 0 0 7 0 0 0 8 0 0 0 0 0 4 9 2 5 0 0 0 0 2 0 1 7 0 0 0 1 2 0 0 8 4 0 0 4 0 0 0 0 2 0 9 0 0 0 4 0 7 0 0 0 9 8 0 0 6 1 7 0 2 0 7 5 0 0 0 3 8 1 1 0 0 0 0 5 0 0 4
172,..\data\wicht\raw\image56.jpg,6 0 1 0 8 5 0 0 4 0 0 0 3 0 0 0 0 0 0 8 9 0 0 0 0 2 0 0 1 0 0 0 0 0 0 0 7 0 2 0 5 8 0 0 9 0 0 0 4 6 0 1 0 0 0 5 0 0 2 0 6 0 0 0 0 0 0 0 0 3 4 0 0 0 7 9 0 0 0 8 0
173,..\data\wicht\raw\image58.jpg,0 0 0 0 0 9 0 0 0 2 0 0 0 8 3 0 4 5 0 7 8 0 0 0 0 0 3 1 0 0 8 0 7 9 3 0 0 8 9 5 0 0 0 0 0 0 0 0 0 0 0 0 7 0 0 0 0 9 6 4 0 0 0 4 2 7 0 0 8 0 6 9 0 0 0 0 0 0 1 8 4
174,..\data\wicht\raw\image61.jpg,0 0 0 0 0 9 0 0 0 2 0 0 0 8 3 0 4 5 0 7 8 0 0 0 0 0 3 1 0 0 8 0 7 9 3 0 0 8 9 5 0 0 0 0 0 0 0 0 0 0 0 0 7 0 0 0 0 9 6 4 0 0 0 4 2 7 0 0 8 0 6 9 0 0 0 0 0 0 1 8 4
175,..\data\wicht\raw\image65.jpg,0 0 0 0 0 9 0 0 0 2 0 0 0 8 3 0 4 5 0 7 8 0 0 0 0 0 3 1 0 0 8 0 7 9 3 0 0 8 9 5 0 0 0 0 0 0 0 0 0 0 0 0 7 0 0 0 0 9 6 4 0 0 0 4 2 7 0 0 8 0 6 9 0 0 0 0 0 0 1 8 4
176,..\data\wicht\raw\image69.jpg,0 0 1 0 3 0 0 0 8 0 0 4 0 6 0 5 0 0 9 0 0 0 0 0 2 7 0 8 3 0 0 5 0 0 1 0 6 0 5 0 9 3 0 4 0 0 0 0 7 0 0 8 0 5 0 0 0 0 0 4 9 0 0 7 0 3 0 0 5 0 0 6 0 2 0 0 0 0 3 8 0
177,..\data\wicht\raw\image70.jpg,0 0 4 0 7 0 0 0 8 0 0 5 0 0 6 0 0 0 6 0 0 0 0 8 0 0 3 0 0 0 0 9 0 0 1 7 0 0 0 0 2 0 0 0 5 9 3 0 0 0 0 6 0 0 2 0 0 0 5 0 0 0 1 0 8 0 4 0 0 0 9 0 0 7 0 0 1 0 0 8 0
178,..\data\wicht\raw\image71.jpg,0 7 1 9 0 2 0 5 0 0 0 0 0 0 0 7 9 0 0 0 9 0 6 7 0 0 0 0 2 8 0 0 0 0 0 0 9 4 0 0 0 0 0 3 1 0 0 0 0 0 0 5 2 0 0 0 0 6 5 0 3 0 0 0 1 5 0 0 0 0 0 0 0 6 0 3 0 1 9 8 0
179,..\data\wicht\raw\image72.jpg,0 7 1 9 0 2 0 5 0 0 0 0 0 0 0 7 9 0 0 0 9 0 6 7 0 0 0 0 2 8 0 0 0 0 0 0 9 4 0 0 0 0 0 3 1 0 0 0 0 0 0 5 2 0 0 0 0 6 5 0 3 0 0 0 1 5 0 0 0 0 0 0 0 6 0 3 0 1 9 8 0
180,..\data\wicht\raw\image73.jpg,0 0 0 7 0 0 0 8 0 0 9 0 0 0 3 1 0 0 0 0 6 8 0 5 0 7 0 0 2 0 6 0 0 0 4 9 0 0 0 2 0 0 0 5 0 0 0 8 0 4 0 0 0 7 0 0 0 9 0 0 0 3 0 3 7 0 0 0 0 0 0 6 1 0 5 0 0 4 0 0 0
181,..\data\wicht\raw\image74.jpg,5 3 0 0 7 0 0 0 8 0 0 0 0 0 4 9 2 5 0 0 0 0 2 0 1 7 0 0 0 1 2 0 0 8 4 0 0 4 0 0 0 0 2 0 9 0 0 0 4 0 7 0 0 0 9 8 0 0 6 1 7 0 2 0 7 5 0 0 0 3 8 1 1 0 0 0 0 5 0 0 4
182,..\data\wicht\raw\image76.jpg,0 7 1 9 0 2 0 5 0 0 0 0 0 0 0 7 9 0 0 0 9 0 6 7 0 0 0 0 2 8 0 0 0 0 0 0 9 4 0 0 0 0 0 3 1 0 0 0 0 0 0 5 2 0 0 0 0 6 5 0 3 0 0 0 1 5 0 0 0 0 0 0 0 6 0 3 0 1 9 8 0
183,..\data\wicht\raw\image77.jpg,7 0 0 0 0 0 0 0 0 0 2 1 4 0 5 0 8 0 0 0 0 0 2 9 0 0 6 0 1 2 3 0 6 0 9 0 8 4 0 0 0 0 5 0 0 0 0 0 0 5 0 0 0 0 9 0 0 0 0 3 0 0 2 0 0 0 0 0 0 7 0 8 0 6 0 0 1 0 4 0 0
184,..\data\wicht\raw\image79.jpg,7 0 0 0 0 0 0 0 0 0 2 1 4 0 5 0 8 0 0 0 0 0 2 9 0 0 6 0 1 2 3 0 6 0 9 0 8 4 0 0 0 0 5 0 0 0 0 0 0 5 0 0 0 0 9 0 0 0 0 3 0 0 2 0 0 0 0 0 0 7 0 8 0 6 0 0 1 0 4 0 0
185,..\data\wicht\raw\image8.jpg,0 0 0 7 0 0 0 8 0 0 9 0 0 0 3 1 0 0 0 0 6 8 0 5 0 7 0 0 2 0 6 0 0 0 4 9 0 0 0 2 0 0 0 5 0 0 0 8 0 4 0 0 0 7 0 0 0 9 0 0 0 3 0 3 7 0 0 0 0 0 0 6 1 0 5 0 0 4 0 0 0
186,..\data\wicht\raw\image80.jpg,7 0 0 0 0 0 0 0 0 0 2 1 4 0 5 0 8 0 0 0 0 0 2 9 0 0 6 0 1 2 3 0 6 0 9 0 8 4 0 0 0 0 5 0 0 0 0 0 0 5 0 0 0 0 9 0 0 0 0 3 0 0 2 0 0 0 0 0 0 7 0 8 0 6 0 0 1 0 4 0 0
187,..\data\wicht\raw\image81.jpg,7 0 0 0 0 0 0 0 0 0 2 1 4 0 5 0 8 0 0 0 0 0 2 9 0 0 6 0 1 2 3 0 6 0 9 0 8 4 0 0 0 0 5 0 0 0 0 0 0 5 0 0 0 0 9 0 0 0 0 3 0 0 2 0 0 0 0 0 0 7 0 8 0 6 0 0 1 0 4 0 0
188,..\data\wicht\raw\image82.jpg,0 0 0 0 0 9 0 0 0 2 0 0 0 8 3 0 4 5 0 7 8 0 0 0 0 0 3 1 0 0 8 0 7 9 3 0 0 8 9 5 0 0 0 0 0 0 0 0 0 0 0 0 7 0 0 0 0 9 6 4 0 0 0 4 2 7 0 0 8 0 6 9 0 0 0 0 0 0 1 8 4
189,..\data\wicht\raw\image83.jpg,7 0 0 0 0 0 0 0 0 0 2 1 4 0 5 0 8 0 0 0 0 0 2 9 0 0 6 0 1 2 3 0 6 0 9 0 8 4 0 0 0 0 5 0 0 0 0 0 0 5 0 0 0 0 9 0 0 0 0 3 0 0 2 0 0 0 0 0 0 7 0 8 0 6 0 0 1 0 4 0 0
190,..\data\wicht\raw\image84.jpg,4 0 0 7 6 0 0 0 0 1 0 7 0 3 0 0 0 8 5 2 0 0 0 1 0 0 0 0 0 1 6 0 0 0 0 0 0 0 8 0 0 0 3 0 0 0 0 0 0 0 5 1 0 0 0 0 0 1 0 0 0 6 2 8 0 0 0 9 0 7 0 1 0 0 0 0 2 7 0 0 3
191,..\data\wicht\raw\image85.jpg,0 0 0 0 0 9 0 0 0 2 0 0 0 8 3 0 4 5 0 7 8 0 0 0 0 0 3 1 0 0 8 0 7 9 3 0 0 8 9 5 0 0 0 0 0 0 0 0 0 0 0 0 7 0 0 0 0 9 6 4 0 0 0 4 2 7 0 0 8 0 6 9 0 0 0 0 0 0 1 8 4
192,..\data\wicht\raw\image87.jpg,6 0 1 0 8 5 0 0 4 0 0 0 3 0 0 0 0 0 0 8 9 0 0 0 0 2 0 0 1 0 0 0 0 0 0 0 7 0 2 0 5 8 0 0 9 0 0 0 4 6 0 1 0 0 0 5 0 0 2 0 6 0 0 0 0 0 0 0 0 3 4 0 0 0 7 9 0 0 0 8 0
193,..\data\wicht\raw\image9.jpg,3 0 9 7 0 2 0 0 0 6 0 4 3 0 0 1 0 2 8 0 0 0 0 0 0 0 9 0 9 0 0 0 0 0 7 6 0 3 6 2 9 0 0 0 1 0 4 0 6 0 0 0 0 0 0 0 1 0 0 6 0 9 0 0 0 5 0 0 1 0 6 0 0 0 3 5 0 0 0 0 8
194,..\data\wicht\raw\image90.jpg,5 3 0 0 7 0 0 0 8 0 0 0 0 0 4 9 2 5 0 0 0 0 2 0 1 7 0 0 0 1 2 0 0 8 4 0 0 4 0 0 0 0 2 0 9 0 0 0 4 0 7 0 0 0 9 8 0 0 6 1 7 0 2 0 7 5 0 0 0 3 8 1 1 0 0 0 0 5 0 0 4
195,..\data\wicht\raw\image91.jpg,1 0 0 0 0 0 0 6 0 0 2 6 5 0 1 0 0 0 3 0 0 8 0 9 0 0 0 0 0 0 0 9 0 7 1 0 0 0 2 0 0 0 9 0 0 0 1 5 0 7 0 0 0 0 0 0 0 4 0 2 0 0 9 0 0 0 6 0 7 8 2 0 0 8 0 0 0 0 0 0 3
196,..\data\wicht\raw\image93.jpg,0 0 1 0 3 0 0 0 8 0 0 4 0 6 0 5 0 0 9 0 0 0 0 0 2 7 0 8 3 0 0 5 0 0 1 0 6 0 5 0 9 3 0 4 0 0 0 0 7 0 0 8 0 5 0 0 0 0 0 4 9 0 0 7 0 3 0 0 5 0 0 6 0 2 0 0 0 0 3 8 0
197,..\data\wicht\raw\image94.jpg,0 0 1 0 3 0 0 0 8 0 0 4 0 6 0 5 0 0 9 0 0 0 0 0 2 7 0 8 3 0 0 5 0 0 1 0 6 0 5 0 9 3 0 4 0 0 0 0 7 0 0 8 0 5 0 0 0 0 0 4 9 0 0 7 0 3 0 0 5 0 0 6 0 2 0 0 0 0 3 8 0
198,..\data\wicht\raw\image95.jpg,0 0 1 0 3 0 0 0 8 0 0 4 0 6 0 5 0 0 9 0 0 0 0 0 2 7 0 8 3 0 0 5 0 0 1 0 6 0 5 0 9 3 0 4 0 0 0 0 7 0 0 8 0 5 0 0 0 0 0 4 9 0 0 7 0 3 0 0 5 0 0 6 0 2 0 0 0 0 3 8 0
199,..\data\wicht\raw\image96.jpg,0 0 1 0 3 0 0 0 8 0 0 4 0 6 0 5 0 0 9 0 0 0 0 0 2 7 0 8 3 0 0 5 0 0 1 0 6 0 5 0 9 3 0 4 0 0 0 0 7 0 0 8 0 5 0 0 0 0 0 4 9 0 0 7 0 3 0 0 5 0 0 6 0 2 0 0 0 0 3 8 0
200,..\data\wicht\raw\image97.jpg,0 0 1 0 3 0 0 0 8 0 0 4 0 6 0 5 0 0 9 0 0 0 0 0 2 7 0 8 3 0 0 5 0 0 1 0 6 0 5 0 9 3 0 4 0 0 0 0 7 0 0 8 0 5 0 0 0 0 0 4 9 0 0 7 0 3 0 0 5 0 0 6 0 2 0 0 0 0 3 8 0
201,..\data\wicht\raw\image98.jpg,5 3 0 0 7 0 0 0 8 0 0 0 0 0 4 9 2 5 0 0 0 0 2 0 1 7 0 0 0 1 2 0 0 8 4 0 0 4 0 0 0 0 2 0 9 0 0 0 4 0 7 0 0 0 9 8 0 0 6 1 7 0 2 0 7 5 0 0 0 3 8 1 1 0 0 0 0 5 0 0 4
202,..\data\wicht\raw\image99.jpg,5 3 0 0 7 0 0 0 8 0 0 0 0 0 4 9 2 5 0 0 0 0 2 0 1 7 0 0 0 1 2 0 0 8 4 0 0 4 0 0 0 0 2 0 9 0 0 0 4 0 7 0 0 0 9 8 0 0 6 1 7 0 2 0 7 5 0 0 0 3 8 1 1 0 0 0 0 5 0 0 4
